"Enzyme","AC","AT","AG","TA","TC","TG","CA","CT","CG","GA","GC","GT","Total","Subs","Rate"
"pWB407",0,1,0,0,0,3,0,9,0,3,1,1,43877869,18,4.10229585215271e-07
"pWB407",0,0,1,0,1,0,0,0,0,0,0,1,31198374,3,9.61588575096894e-08
"pWB407",1,0,25,0,2,14,0,1471,0,1,0,1,66916627,1515,2.26401130469412e-05
"pWB407",0,1,5,0,1,0,1,10,0,0,1,1,35278125,20,5.66923553902028e-07
