"AG,TC","GA,CT","AT,TA","AC,TG","GC,CG","GT,CA"
0.660100791936645,0.192023038156947,0.0925557955363571,0.0202159827213823,0.0155795536357091,0.019524838012959
