"Enzyme","AG,TC","GA,CT","AT,TA","AC,TG","GC,CG","GT,CA"
"Deep Vent",0.174019607843137,0.502450980392157,0.0524509803921569,0.0259803921568627,0.0166666666666667,0.22843137254902
"Deep Vent (exo-)",0.172671555602792,0.383583094200588,0.18049385340277,0.0408545010096716,0.0664966167144932,0.155900379069685
"Kapa HiFi",0.133319805194805,0.758725649350649,0.0246550324675325,0.0096387987012987,0.00334821428571429,0.0703125
"KOD",0.360576368876081,0.453025936599424,0.0386167146974063,0.0292795389048991,0.00806916426512968,0.110432276657061
"Pfu",0.140080045740423,0.560891938250429,0.0863350485991995,0.0245854774156661,0.00800457404230989,0.180102915951973
"Phusion",0.214108910891089,0.492574257425743,0.0268151815181518,0.0148514851485149,0.0160891089108911,0.235561056105611
"PrimeSTAR GXL",0.169547756242361,0.717478610092544,0.0104766893661603,0.00768290553518421,0.00488912170420814,0.0899249170595425
"Q5",0.148648648648649,0.321621621621622,0.0324324324324324,0.0243243243243243,0.00540540540540541,0.467567567567568
"Taq",0.684342016296313,0.175867245785535,0.0875898188152511,0.0208230669615742,0.0134541995668069,0.0179236525745195
